<?xml version="1.0" encoding="UTF-8"?>
<OfficeApp xmlns="http://schemas.microsoft.com/office/appforoffice/1.1"
           xmlns:xsi="http://www.w3.org/2001/XMLSchema-instance"
           xsi:type="TaskPaneApp">
  <Id>2f897d87-33b2-4b2e-b032-58b9be0c5e5d</Id>
  <Version>1.0.0.0</Version>
  <ProviderName>PilotPath</ProviderName>
  <DefaultLocale>en-US</DefaultLocale>
  <DisplayName DefaultValue="PilotPath AI Assistant" />
  <Description DefaultValue="An AI Copilot for Student Flight Training in Word" />
  <IconUrl DefaultValue="https://pilotpath.ai/assets/icon.png" />
  <HighResolutionIconUrl DefaultValue="https://pilotpath.ai/assets/icon@2x.png" />
  <SupportUrl DefaultValue="https://pilotpath.ai/support" />
  <AppDomains><AppDomain>https://pilotpath.ai</AppDomain></AppDomains>
  <Hosts><Host Name="Document" /></Hosts>
  <DefaultSettings><SourceLocation DefaultValue="https://pilotpath.ai/taskpane.html" /></DefaultSettings>
  <Permissions>ReadWriteDocument</Permissions>
</OfficeApp>
